{
    "精确率(P)": 0.8955685712313102,
    "召回率(R)": 0.5196191052520944,
    "mAP50": 0.7067997596358374,
    "mAP50-95": 0.4359707281656071,
    "各类别mAP50": [
        0.24281949589913276,
        0.550361078126502,
        0.3163797038507935,
        0.541813142857143,
        0.5284802200944644
    ]
}